track_name,artist,emotion_label
Choosin' Texas,Ella Langley,NEGATIVE
Someone Like You,Adele,NEGATIVE
Always,Keshi,NEGATIVE
Hearbreak Anniversary,GIVEON,NEGATIVE
Never Not,Lauv,NEGATIVE
Open Arms,"SZA, Travis Scott",NEGATIVE
Beauty And A Beat,"Justin Bieber, Nicki Minaj",POSITIVE
Happy,Pharrell Williams,POSITIVE
Uptown Funk,Bruno Mars,POSITIVE
Can't Stop the Feeling,Justin Timberlake,POSITIVE
Levitating,Dua Lipa,POSITIVE
Shake It Off,Taylor Swift,POSITIVE
White Keys,Dominic FIke,NEUTRAL
Dracula,"Tame Impala, Jennie",NEUTRAL
Banana Pancakes,Jack Johnson,NEUTRAL
Pink + White,Frank Ocean,NEUTRAL
How Deep Is Your Love,Bee Gees,NEUTRAL
luther,"Kendrick Lamar, SZA",NEUTRAL
